time,temperature,vibration,power,speed
0,58.333615091898906,11.548332415703063,76.13117058893027,1455.1685888016923
1,52.62204003472229,24.5212166493837,78.06562472936108,1418.4799807481365
2,49.789078480551936,24.308923856274678,71.65645306529721,1440.712219662827
3,45.04636699906676,17.036449057725225,76.422457121388,1598.2113709830837
4,59.76700644413646,19.762643552543167,74.77836336159943,1449.4071312355604
5,46.92807604314802,18.452512637951727,70.88753931764363,1514.2649998580946
6,47.013075666678084,22.23354805755025,81.76703083356148,1447.911251981847
7,40.0591235714757,19.033460375532997,88.97382806996967,1538.3199129357274
8,51.39426862408971,14.157848805386529,79.65317515169178,1408.5485714456686
9,41.10790735877387,13.044047327201515,85.91581487475393,1408.3807746129837
10,46.663699272324365,23.35117343273357,81.01069283094058,1535.3295786444405
11,57.07637609839017,17.831568875176234,87.57508975231647,1468.6612222124973
12,56.33378442414934,22.604445999670833,72.81170753916977,1480.0080524138511
13,57.020464242755395,13.568274129928593,87.9960086847475,1446.8525044420376
14,41.65846636275254,14.066584166962222,72.13870406528022,1509.5803658437023
15,52.273396738648756,17.188923040956272,71.28459729781045,1486.750103883393
16,55.38156754275356,14.036151303472966,78.84949834475735,1516.6281679147014
17,47.66627388213078,11.473877290936738,88.64393977724019,1527.368842900457
18,49.098840336249424,12.656260696862962,75.02489611419908,1484.813727071782
19,59.727918162872044,15.788663953431023,76.9682722734755,1441.012007610825
20,59.774139923084235,17.93938963869847,80.6793687043499,1521.299511527954
21,42.440574217601075,10.002460075041396,71.0427874964325,1503.934245747514
22,41.114365463861795,20.558068826884217,82.30156500505205,1405.782911188239
23,52.91649996374427,17.496033177685632,75.3434573746516,1408.794306818653
24,50.659771666583254,22.21283856471028,80.37993473449626,1593.3075470404096
25,44.18609381326396,10.857218822756176,70.72590560189326,1540.559802634669
26,50.20606353054699,22.638668601544687,82.34838771372752,1585.5982612340442
27,53.732196086598414,11.181398904425713,73.63523955780455,1426.86552973507
28,45.3929021207859,21.72414675267121,75.98806449042185,1547.2781250251176
29,57.28965770128356,21.62437647646778,74.9505337322937,1420.6882305953884
30,51.54404579446691,17.263327365553895,88.91052893420726,1555.1110962805956
31,55.687823883073705,15.18268047039495,73.26986693601117,1536.9677336300751
32,57.290745526338284,18.091342879499898,76.61438179905954,1576.2221705874651
33,50.48257815523479,20.634861367088085,85.46521291912768,1518.1473633020596
34,46.91193116836009,11.326180718835092,78.18867301772212,1451.7101441126215
35,56.21745306535763,15.094603429949707,82.94520105223745,1503.4749572473113
36,53.476643840888755,21.625936811736068,80.8830010727433,1512.3668916841539
37,55.41174979188965,18.268711457548704,84.53606389150869,1511.0955203498893
38,49.783339892932396,24.322623038878746,81.38505915810157,1556.3496337628767
39,47.15005673968584,18.21248828679817,79.95146011946767,1560.717261306606
40,51.182526743235464,22.651205262276505,72.74975811544024,1480.9548977044763
41,40.68391572406044,15.27267001808703,70.06726519909057,1443.7204931285307
42,45.26836972432008,20.916392354131094,77.19641122792306,1564.439746871733
43,49.61782149559494,13.32279323353828,75.99422763074034,1598.1678797489808
44,59.64396032694796,13.190398717319802,85.53495335401912,1418.9355645888465
45,45.774811097302106,11.680267785004961,87.09879506625758,1436.1978735602015
46,48.995589892371505,20.663349710084574,72.0090604220961,1512.6532555716071
47,50.85090915799708,13.574291147687216,70.892751381457,1464.6256874921005
48,44.4844042565786,10.290717149667644,85.56469162209073,1501.4975546281203
49,40.957665181260246,24.949090386364276,81.72662252872142,1559.1074729200936
50,53.17124077870646,10.806661445401216,78.7361489731935,1459.9889607436328
51,57.73395033611089,16.036028458092698,70.9941402343598,1514.0440380003906
52,56.836489353337825,10.890681857980681,83.88689854936732,1587.3262083074073
53,51.917613941617525,15.003968110913323,80.48396043574455,1562.4659752295493
54,45.900234129698084,16.317129090443423,74.81803175195557,1584.3731717939756
55,52.447386465866124,20.053593570072024,79.72899503029511,1501.443798184639
56,58.332734249203355,12.926294032329162,77.07987004745783,1510.656950848594
57,44.47432898844566,23.98738804990909,74.27113810370372,1446.9102004406282
58,59.66444307419093,24.08238229459011,77.0200748300939,1549.880683285587
59,46.36436480589055,13.981750505403411,79.46941046217545,1486.250361676993
60,40.65396867377464,20.4563664086884,73.71360140958176,1467.821838173647
61,44.901762680004175,23.018076929968995,77.29497706073904,1593.8781925524202
62,47.035503938387514,15.769033389134453,71.27259537897746,1522.9589490530896
63,54.37013664700815,12.587051794423882,75.46730326723072,1536.0781901660011
64,42.059646865577086,13.406120557242726,70.37412451364519,1429.2488697517772
65,46.83127023945166,14.52442552192636,79.4831624191039,1411.8317518046429
66,51.9718333086154,22.489955520437803,82.03870974657302,1512.7196625153722
67,51.65526608224543,17.372706950375512,82.97877231715152,1586.7303427567117
68,47.07784219857839,20.27437834713657,87.23594805062461,1563.9056468587257
69,51.71207293421233,22.136807144022885,86.39119863023959,1469.4056703896558
70,47.1550839947913,12.132502495220095,74.98103917872302,1431.2543334161403
71,42.34631471549186,18.44710759041435,89.31827890589577,1402.8290712721548
72,59.022685980791294,22.665142808417748,75.99972088992634,1445.2400769032008
73,58.68879546275269,16.463839908819658,88.91995904793528,1455.9431842835804
74,44.96967364573715,16.905171521216964,77.24036156080153,1558.7522141501936
75,48.67475991501401,21.895333971413898,74.43238879162516,1491.6898940587348
76,46.181908750642265,22.87231631132808,78.29582663469606,1592.959941224344
77,50.44753785337953,20.90939005529861,80.84159013092044,1552.0219349935237
78,52.11413974004672,15.741392363532896,80.53854134204803,1477.1164472423711
79,50.70723792855246,22.531769796795412,83.40476732064681,1477.1350907074186
80,46.42994285070219,15.117798876634955,82.80030814562588,1453.3979640963198
81,43.01353406117226,16.29518058258972,81.72510512682281,1434.241952330335
82,59.467164961127416,22.621963600194913,74.2478380239926,1440.7940643191566
83,45.618255744864065,16.913851611932074,81.5524684066649,1498.8196754925214
84,42.18694571017317,21.861475597900437,84.26813953216426,1494.5802853199111
85,57.54240512424121,21.90182786433195,81.43750299720061,1423.4152250874222
86,55.843990889656396,15.857039650480989,86.55799027975627,1559.1186303017146
87,52.34398252572811,16.61202720214562,89.75303745698156,1479.373460153779
88,58.84015403287617,16.07091359263157,78.87191915038332,1413.3714312302411
89,51.34473797478593,19.11473365481953,87.46329499259204,1493.1216256480875
90,45.00725899893365,24.91370923117053,88.19140396523393,1419.7038416825685
91,59.98459403683695,24.737056288945045,89.13793341560375,1419.4190014866251
92,52.3626118644451,20.101403558956537,80.78276559395364,1454.137309798362
93,40.30842801158112,13.539255856486616,74.90780041921825,1496.190771760806
94,41.97674828955899,24.66938391107828,79.86743843189006,1507.468266776346
95,58.60429241578713,19.302843521454065,71.42837042869343,1455.634867563616
96,55.07584513075177,22.110799142419076,85.86416709598413,1442.9306912502163
97,52.51927256443771,20.714219033177613,76.16427903590305,1494.9951394636364
98,45.360605057796015,22.83101411681281,80.22006670441353,1465.438419010912
99,51.33906615191207,19.534056260860243,86.30558594580648,1533.6082714073616
100,49.438431088615005,13.627999578583111,81.68253476481236,1500.9134893497894
101,44.62353352416555,20.65444113561272,73.01432327820378,1447.960597438667
102,51.6967916977408,20.52826132728445,70.09087917861314,1565.8813887150436
103,40.38233180942477,19.376000521802133,81.22832767350262,1447.9148581185336
104,48.13490467836718,16.143191131380767,76.6302374076582,1524.5664455810893
105,45.40842605223515,12.967515394129526,84.69564191552709,1470.3177382751935
106,44.69149665134543,16.64235746809426,79.46625716656202,1566.8246221591212
107,40.4786502226745,22.676097428638545,83.33726997871341,1496.4371760021138
108,53.43386515484228,19.561866107379632,84.97174827218616,1554.1503087137419
109,40.099695458241655,23.56665306969073,83.6426664630463,1500.4748749712758
110,41.45147807352751,11.607317214978728,71.0352616900908,1460.0470559672397
111,40.322772122537195,16.900570839629125,87.52842484836832,1535.3848854647256
112,47.2230751762017,19.663616718678906,84.64233346752488,1559.2068545717748
113,47.29717544069142,23.48914276460119,70.90921009769998,1565.5988760751782
114,41.510990790675315,15.487439312217209,71.45488025968112,1581.7246866599355
115,43.21186449894996,14.617173407218925,88.31571968823609,1499.4604473599184
116,41.77154240318154,11.557364873123614,72.72941716380703,1497.4255366418636
117,42.20140467690425,20.14099585192127,87.99056361060367,1485.8309531761095
118,44.92667692604559,20.932474857034318,80.49760211360396,1532.7787588974854
119,41.58592418802677,20.38071164456924,85.0041136907528,1404.269706285013
120,43.69930778749906,22.020927971110968,71.31511579657447,1431.46673545597
121,56.05242881061274,18.808050532401438,82.11853630399587,1486.123541211888
122,47.96978947977588,10.774368567753452,87.45530164360153,1536.903318480335
123,47.63371719248029,21.740613777641904,77.28493604311272,1589.2592069386922
124,54.912055817604866,13.046352014832976,85.23332946131599,1476.7331378189178
125,47.51191437730269,15.233292455520825,82.51451976785572,1557.8207491924977
126,40.16116627407393,22.89858560181254,71.0249911640618,1416.283496759021
127,42.35048890645072,23.88675144554282,75.51869113412965,1530.4833363970247
128,55.448556719834,13.581943790745719,70.95804884718756,1554.058139906612
129,53.32268220581071,11.47725235329939,84.94333305980149,1420.1434348589862
130,48.83838772971623,22.586373872435473,70.68189934402925,1481.3328401305337
131,50.09874578401045,14.295620406321094,73.03951580645865,1430.0712826948372
132,42.89062927601923,22.054917618328137,87.41541522350954,1426.2612714132574
133,59.6396027947631,14.663631282877395,70.30752391477388,1454.438494376224
134,46.78578687577135,11.045344694464701,72.14148769965452,1595.5276723791721
135,41.88884297615783,15.153865114874996,70.93005676251089,1566.9947301462948
136,53.346754604616855,12.759544509387007,82.70209094138963,1496.3506425234932
137,50.59769198608917,18.173827092891884,74.88240482086061,1570.8498562922891
138,51.63091297178813,15.566461888802777,79.31678340221845,1548.5905296626242
139,57.384427093129865,16.474698287727556,82.14163191101412,1540.884110048131
140,43.865286315668456,22.004235073116092,85.40256119001879,1538.8061091882382
141,49.9565276198039,19.6864522045438,70.35229708398651,1508.3997236224711
142,48.20679999346086,14.260568036123491,72.25926261527303,1591.4366993870444
143,54.172883940145326,13.100040103853521,76.74475518549822,1415.7633014169764
144,41.936257807917116,22.156769141013733,83.62533945571873,1536.925718282531
145,53.15321865855217,14.620998236270804,86.99440062543943,1477.5567291207171
146,49.0502411803087,23.62125315337061,86.360892359564,1438.4810963881323
147,46.065940946511354,11.493179238016896,72.07600722763158,1562.6035260971798
148,48.01916531154201,14.471820543130375,73.62372801615274,1559.3970863331317
149,51.882297276075356,17.181732150291438,75.09739029706236,1563.6013516376051
150,59.6931410092278,24.989216483773127,87.29340639645729,1465.4999025441361
151,53.804724595178634,15.191841558273232,73.76363303083416,1446.1260791992718
152,45.066554142722154,16.02563461341325,84.83375128695636,1429.3818456474198
153,50.349427921793456,16.571484938097647,87.86652311503707,1587.5089872762471
154,50.39039849518928,16.067787368213413,82.21183561758971,1591.538284783968
155,44.059828597446725,24.714515340058824,88.35341052202553,1410.1593400838651
156,56.70779565098562,12.949694434336516,86.87306168237181,1569.224577659227
157,50.00092369218244,14.308513100646476,85.70141717936885,1439.1029644668786
158,55.838946180200466,22.65940330606466,70.32283688416588,1568.5248697793663
159,43.40175701364375,19.546006862002727,73.394888092492,1492.546024285578
160,48.817863270365265,24.64307418198204,78.80420023032119,1590.9125393154561
161,55.35362853140365,11.148124748835574,79.22098382949146,1533.502728232636
162,57.2263195231135,24.97619028143203,85.86827606719513,1541.6522014851994
163,48.41965117467188,24.69738975689473,74.79715038219395,1405.9639170689545
164,50.81780218001605,23.571529762710078,88.86983349980822,1415.854273968111
165,49.841053584328584,23.699612714607888,85.25824686714478,1451.5847246210526
166,52.383280975898394,12.342169902470182,73.63159931807374,1579.7827130079324
167,58.43893213234648,23.656742905321366,77.92977826043811,1531.7130256171129
168,48.67147945204947,20.342174246765342,77.1927022243953,1521.8735986150605
169,43.556070644288795,12.842339105590224,86.2933411907766,1538.0822335725725
170,42.62386012967492,19.223987612255378,84.76736326382508,1407.3408385423243
171,51.5259231248863,17.10067761473354,78.35449157274437,1537.2048993289495
172,49.975015461844436,11.030511510745889,88.70297487029225,1474.905731253145
173,55.41017976148137,11.023529701891812,88.62566315600833,1553.1346769170175
174,55.70319129846097,24.2390406571713,84.27720915760122,1438.4092101900944
175,51.99568458891949,21.076599383038293,84.75770718258505,1579.057530678831
176,55.333160086072496,22.34421582638278,80.78168240254196,1492.2230158747677
177,47.07058082787872,14.965202240303556,89.47347895700395,1564.8628029628144
178,50.293366195030124,19.48777957303255,86.76185562644599,1458.4274733360116
179,58.942659752443724,20.993890170402686,79.95970549279761,1486.2711401739077
180,51.475062652727686,15.846304064402036,72.35568462239503,1599.1422686654985
181,56.026007564529095,19.380409700943787,70.52071730465313,1582.9642770669595
182,57.57194499878558,14.02944318660215,83.30919570380446,1566.7237305454998
183,52.23654097817709,17.65304791232788,87.52989137569142,1499.1038318886178
184,55.62534277478616,22.393147156818806,72.57574488408859,1428.185325641202
185,47.781418192260155,16.71790745047679,76.75587789187087,1421.7789221920461
186,54.66946835506945,10.258614727918895,80.7422925841002,1408.0002579752177
187,56.82821959073475,13.377797603870096,84.92291807871746,1499.2774024146113
188,53.15516403679787,18.74026042540229,85.16891421838852,1500.1256987507795
189,41.268085398782326,10.80667833625802,74.66992150778343,1554.95916638275
190,51.932149430913356,17.252521803744067,83.85080674713507,1531.8560719017116
191,57.24975463244485,13.875626543880191,87.31633463635127,1414.6717054062537
192,55.705784113811916,23.14450396184702,78.39588767797832,1586.416488543649
193,57.079302814777904,20.408869819857195,86.59360190199362,1463.0400773974418
194,44.65966765590971,23.215849826298893,79.54828954004664,1574.6923785731885
195,41.71710660540539,14.637553161065878,74.07513650598924,1599.1355645603376
196,49.27476829314378,14.184597724319902,89.23954153660677,1437.22916286493
197,41.48613205977383,19.391773919276694,81.50310589718481,1426.9015799826016
198,51.38925439982046,24.408080703997307,76.25845797114562,1527.0572125740962
199,51.19314431529322,14.972982276216802,71.08526864131044,1567.959512853881
200,57.71018258964317,21.351770920264354,77.53166038314053,1416.2050330864972
201,48.326288409416144,22.930582313868012,84.20266917035629,1408.7368113401365
202,43.72179638286681,12.366227833251319,84.84945274267251,1445.629985512912
203,40.417272086223335,22.00098410026454,78.16269327604618,1493.8262914371974
204,51.30032570040559,10.715573552776064,74.91042927929344,1453.5313135489032
205,54.02861840788516,19.835044355184234,70.29169595675727,1531.4852632146583
206,44.03668340557329,13.774261789818905,88.07057006171208,1579.1939496303878
207,51.49317701911882,16.089528419498343,71.04885260140911,1562.6554412613473
208,55.672143955005986,14.18792332824738,81.25066946905491,1564.5035940286934
209,43.074217860689856,13.586856949509071,84.40598745088035,1538.433824555807
210,42.89984792317725,22.97547174476716,74.1365218438068,1531.5640344515662
211,45.31239436292043,24.984691749724853,89.44023200513902,1428.2371833043585
212,40.75959125882918,18.262443648354832,89.04287708460853,1572.8112346764813
213,57.601521951334206,19.538153039620404,87.3973774034865,1598.535527842327
214,56.828213416721105,17.132484642437284,84.7081052425174,1450.4295513678153
215,52.20779120147802,23.63293691743774,75.07068688192491,1425.2801744491048
216,57.15187317090645,22.22230967933769,84.02945524054489,1480.2994829139998
217,58.81629680096466,19.379512626910213,88.21873474647646,1413.400646015561
218,55.44375892483147,24.94138543279909,81.65015968954829,1557.3277880163046
219,57.8310842370158,18.368581380653445,89.61678971701389,1595.825946699486
220,45.2426146578201,10.300002156877806,79.56439102863563,1512.0869102424829
221,48.50925627055963,23.63958230707101,79.99595060625028,1421.2798600801657
222,45.1060457337264,18.273486622214964,75.68861235245272,1594.933838604845
223,55.68942940204014,17.43715751905939,86.57374447466447,1442.142242591866
224,51.464276850534084,11.224444446925464,76.67447869829246,1532.991132298271
225,50.41178070243038,22.96382981930521,84.66474740415265,1498.655408174472
226,45.5550572036175,15.996710582161597,72.7542676218514,1537.6935551233842
227,44.07041717190847,11.705176081153855,81.66534624429714,1501.4169443383857
228,57.483099927446304,16.686742063188184,81.65948877266156,1522.8394144534823
229,57.91069417396776,18.067807191404718,87.0827962999974,1563.665480855485
230,42.842646912894736,13.015111948436894,80.44328465658685,1586.5940750923496
231,57.04726383393596,24.76244793835519,79.91417879027289,1541.2858784557995
232,58.905783423116944,10.184211943560426,73.69978208300171,1429.213831578743
233,40.142967104571674,11.526353396799218,76.09100407474294,1434.6032597209994
234,48.75067625079289,12.285032621186547,80.44436107377567,1575.5908045156748
235,43.24134893208487,15.007238301522067,83.09870753919297,1526.7203134500312
236,53.99147338884437,22.405246211131754,87.68127291984221,1556.0364772806747
237,52.94803142325541,11.896961621989842,84.26136238612892,1539.006349854119
238,51.38342700922294,20.66216334831817,83.63601524478545,1482.70379783669
239,49.25450575303451,12.834742623369287,83.47705766667555,1502.0498732465796
240,47.21837417700534,12.054881293146575,86.08678644707358,1457.1787712897456
241,40.87513848211111,11.36845773061907,70.67386802593097,1495.1371200694998
242,53.32242481713241,19.143715332897415,87.90635219712686,1596.5266185938451
243,48.2362240247607,11.77780329194173,86.38623252760132,1594.2455930013884
244,53.130162363345846,13.173602069451745,87.05932259045252,1510.1565662082094
245,41.309615273958116,23.97249255670355,89.44576332360124,1494.7422091399155
246,59.66388747798633,10.790748935899678,78.9904885330408,1595.7479624177076
247,47.311340352000634,21.693702875956347,73.2329463730165,1484.096978058665
248,50.978870690846136,20.494923037171798,88.10639787373191,1415.7989103973205
249,54.95619375559123,22.702083522636322,74.46346625261548,1579.8292683427144
250,54.502944496965895,13.737798628202116,82.91689694445633,1541.923523211341
251,41.00216581074867,17.949279510264446,71.93080659714741,1431.5831261762983
252,47.90663657613606,24.7990915746105,81.29222651652839,1440.96150762821
253,59.68757247107966,23.133615660766168,82.3921787721784,1474.5015225606267
254,56.66304718147404,11.244507944987479,83.45390441901156,1404.5274315813042
255,58.04555412033468,13.43132623468185,86.17567745614198,1495.3878735266749
256,56.64505284858372,16.15587991095077,74.398063735447,1507.9619010460535
257,54.85330210098631,19.46920314925229,89.86076884677357,1481.6338173601391
258,56.27012290513333,18.821788686412862,83.79725850572206,1472.8696142283811
259,40.79808922953583,13.742647441366788,79.527704178187,1481.6925847642938
260,47.44558934527729,17.33077993964224,71.65040737082903,1428.1723429449455
261,55.32756308718317,20.64762725376967,77.5586891309501,1420.9526283071184
262,54.07670948473249,15.490216852722355,77.34678759406776,1598.0317000788539
263,54.67676176209353,21.939336093403767,82.47702048718003,1526.7062177657608
264,52.926997055798026,21.632807930689886,80.1644510322837,1405.9758776105496
265,45.79845695737541,23.87209950439992,77.81877781000293,1577.3329250806582
266,57.724996139393376,17.273952725265957,75.96902306929938,1492.2594347155518
267,53.31481792287413,16.073213327972226,89.55630348848354,1534.416683482572
268,50.79443824616918,15.325683930142837,77.64783069007238,1594.620997226565
269,51.06188595805844,19.273022661969165,88.19855099097722,1487.894601295588
270,51.44781495969454,10.108550142168614,80.1401469153932,1424.2634881327767
271,41.12273631512381,24.69791407412849,87.43230528445578,1461.057669041114
272,52.4641919003472,11.744199749617255,72.68036608113916,1572.2729458986416
273,57.14476888376619,17.011454544866133,86.77639675223358,1507.0038023964091
274,45.01362848250365,20.815536284153694,76.78679233675001,1437.8382526858245
275,54.82746638992106,20.669022497469562,85.41790215914888,1435.5069756600599
276,44.30858017990622,20.250558037956772,88.995869098963,1591.4007673977037
277,47.3927327668302,11.732034528389041,87.04195672813572,1562.720717317228
278,43.60498479418969,22.409959957013715,86.91827405489197,1433.3783259682407
279,44.57816796427571,13.380464601919872,78.1525038403976,1576.5150410295312
280,44.87221415917169,13.049705099012694,73.97798068062733,1573.1994235519956
281,51.261499823333,15.080160875672952,85.48202402567912,1590.768519737506
282,44.36716511165598,20.744861827935942,88.55946985960989,1436.83638499577
283,52.49646659318396,13.26866598638814,70.96569409226136,1599.544465147204
284,53.44767213330801,11.098336839212779,74.44642413166694,1454.4044822743836
285,42.36618689148944,16.615939599658137,85.9078767957779,1556.0216006892797
286,40.362715285916465,11.466062849002755,89.76367958935218,1446.2835897823948
287,47.26900121890991,11.281527135302644,87.40380765454117,1496.402210891281
288,41.280836227284894,13.167949137975068,79.6654314478644,1573.011619028755
289,54.579862605745404,16.36125669611858,74.32910837270411,1538.2596925312446
290,45.12668848991288,23.758921608820415,75.11204725292454,1592.3156796764194
291,43.586902395691496,24.774432215670284,84.73447407534594,1509.2034152894782
292,51.65304841833464,14.971342269865321,89.39258659516858,1486.0825094940813
293,48.68281473347851,22.260992107364768,72.7127498249636,1546.119888072369
294,45.853921692962736,15.597551071808715,76.2880362478255,1508.9978730143166
295,53.16227798051875,14.507938272173991,78.46729048689566,1563.0293011298102
296,46.11251323767462,23.225964172170357,78.77088326064138,1557.499545336643
297,58.813445747112,21.742886786055635,72.02121379667209,1422.404166996946
298,41.14625800725978,10.949775328321165,85.02238111126464,1505.7948839201185
299,49.82267583389941,14.389134554853522,75.65543542865599,1483.4361267229222
300,56.12167789743711,21.88664008316627,81.35972525186598,1533.2380522690562
301,49.347197543363734,24.152601228376746,85.48101746588122,1528.0228286662586
302,42.73191381467532,20.618209367261088,80.47960893419108,1577.7819303727456
303,59.44824283230126,10.60081377131573,82.5455809962544,1480.7552162600791
304,40.94795284760454,20.875907361271516,84.89266297958875,1414.9294271791046
305,42.67073820749429,12.00808818682668,88.1216849592241,1459.6766141069254
306,55.5868080067989,19.6083136361894,80.41997199746784,1598.1353363724795
307,40.84376600521489,14.160401457577322,77.37320820411418,1500.4015408211296
308,45.270030615562526,11.685852478144527,89.19364591284821,1491.4046254769487
309,56.205867202429836,22.0282154115231,75.12662088455102,1482.938703738737
310,48.38201738082472,16.89322507887674,78.8548886822914,1525.1525875207299
311,45.0526316214986,23.991834652788285,74.53058861291208,1433.7280991257328
312,57.57233420547456,16.759324793226945,76.3294258803414,1495.116829808911
313,41.39646378633841,10.306088981580968,88.37269489180805,1469.8979984756193
314,55.93023649434652,16.45099677731203,87.1363676742092,1453.3057526657208
315,56.01035429936307,18.460759747887575,86.92157627766011,1487.351737248497
316,50.230993350452934,13.386275977193295,75.56253092982958,1407.8499390435454
317,50.13948208155332,22.391979258522447,75.96155680466302,1518.1483708558776
318,52.10468104446273,13.07922954406495,77.14354000153287,1574.3451308631945
319,52.39282559066142,17.62783580886746,75.74062442244241,1437.4597208001421
320,52.02854433702382,23.167313843239633,74.31751498805299,1462.912345859927
321,55.10610386372999,13.55514127511186,87.07856955826296,1519.5187407758858
322,48.78184048281523,16.035411206974885,76.5639865284887,1414.9241235277764
323,42.601995163658216,22.105317116593575,81.36879198947373,1444.9760005062653
324,48.76852755060786,19.18418553951869,85.97880783384434,1567.0936729949792
325,48.06804224125729,14.990748042103686,70.19247624867305,1584.7921848643507
326,42.33483358982771,20.87821398376367,79.9509531913911,1498.9068209304187
327,43.77045940632481,12.806356072798852,79.08637880033874,1417.7555641819572
328,45.92652135398452,19.133193270076344,74.70870714064903,1408.0376293001032
329,50.79401745314388,14.716156517996707,70.41520836750837,1459.1562678353282
330,48.24640672009612,20.224041982035686,73.3214637658215,1537.7199754544308
331,43.88386832574191,14.650518834358504,85.7841790221776,1432.0530246951182
332,48.22385181132443,18.93095814398058,81.00828535220406,1519.9090518997243
333,53.89070350866484,11.234684050114915,70.93942793040488,1520.814361947777
334,40.05215435401118,11.584433849438696,77.34910517456949,1569.3051424878179
335,57.40254914849659,19.854837599672784,83.08146013421221,1562.5987589762121
336,47.6169696608371,21.029181378349875,83.82247930237148,1445.5071269295254
337,42.69255916197846,12.866473368157024,84.66074017035065,1596.9896065967325
338,59.41652255170598,13.017111956944671,84.70413426715191,1481.4441708231266
339,59.33882992639802,13.749708442732512,86.2825521770291,1534.3627185496512
340,40.41323432424085,21.866347060725147,70.84784565822397,1422.0435409309168
341,40.50088891982173,10.24562353578749,77.2745324240364,1565.4321869474143
342,42.43112110575256,13.965040430364995,72.88795377978974,1534.5245800124856
343,54.5863611157973,16.083235167834445,72.83124887268269,1578.8309845992226
344,45.677916720926,15.698184558347549,85.02553831398315,1479.8264386416913
345,42.68316642816004,17.842588775577255,84.16197177777829,1483.562451560174
346,51.74577933010186,17.609836457209244,85.43084151633595,1405.4588498004384
347,51.673362879012195,18.83455487841209,88.70665816201488,1427.3176082271088
348,58.01976119144141,21.19222686635399,71.18143878531376,1574.4086654957478
349,46.39951076793502,10.039977697743572,84.20571638264067,1470.9608471569184
350,40.84442546569795,24.720626406143804,88.38130838855591,1526.3645696687988
351,56.37538746762941,12.991184392399061,72.80645573633159,1517.8256030466664
352,41.86442347739847,16.478691907470687,77.42546318847613,1491.1378866382727
353,41.30049791816313,14.494756755326595,72.89797391755323,1530.1162386931385
354,59.45811419023845,10.613900311319016,79.52780146942162,1461.7284593254722
355,42.30716745541143,12.21453096688471,83.85006374477692,1467.3487792933183
356,51.58024016264867,24.989278415531338,84.92622012089248,1464.2192840046648
357,54.794819087046896,16.533256985477927,75.30822481188386,1458.3453196788423
358,57.97423419231394,15.908861398265202,77.43009553662158,1459.7927425233559
359,47.98347496713159,21.99888469418697,76.87049918521784,1520.2772161437324
360,40.83014994478424,19.404757657161717,73.4711710823937,1434.3396171491174
361,48.372289007665174,22.52388108805874,75.37583669260661,1569.183463231408
362,54.59720089089805,16.422632122853273,73.96699821918546,1449.000739475861
363,58.8617351334238,17.23579808129075,79.19972166046485,1445.6508245943012
364,44.306660449547906,15.856992873006245,74.38301890069421,1570.8931009555356
365,44.69506115574995,19.534439521947185,89.47233059188162,1597.527731140832
366,55.428747895323006,18.038663578541236,83.15963832816938,1514.6231188846868
367,42.60365821966122,18.223654440051785,89.85147093571561,1446.5705792441488
368,41.38249189148769,21.321187062597595,75.87093785602413,1468.7266519145799
369,44.69407391258162,21.699608470586213,81.32775178068161,1585.7579481425155
370,40.518286040867835,11.852452450553807,84.71419788366292,1528.2002372877205
371,59.44715810659328,24.787483845750877,79.55673757977505,1594.3844569801013
372,41.57276463748056,21.193782619153538,76.58434392774637,1530.3175737914723
373,58.17065292991851,13.697489539717047,71.4531770525825,1410.6002379854845
374,46.0430611007929,10.027192361253002,75.2216029443863,1402.5970891151903
375,45.16963988056085,18.65931224270809,84.25963902373144,1459.9998697707792
376,44.31833511822804,16.875613019206014,71.43558793432408,1556.8693760214983
377,48.28918186794299,13.146922984331447,81.48537402435511,1493.9836152552912
378,41.53981666096363,10.899191005437407,79.62057331095966,1457.5707704177973
379,44.95211791170732,12.406151666969217,79.32763230196899,1453.5556956765831
380,41.19794303721052,15.941372901739978,82.90890936757832,1428.2200365174047
381,59.04357868711129,15.679107741323136,78.41153436586467,1450.7171129872074
382,43.74311692167953,15.935802218779973,79.17193081090169,1419.2127515996451
383,55.19048673460379,21.632378639515725,87.27271300238293,1547.1353183692577
384,48.5041254817232,20.129025130962354,70.91307041337564,1458.9080313989898
385,48.029175287857555,24.84846364271815,87.99648119996947,1599.7824937193693
386,55.20640614540527,14.630766929752895,88.33411891148114,1504.5597491272044
387,43.35432734733126,13.39579647564437,70.8148304875356,1453.1462190243296
388,41.702579538056895,11.07801517499742,86.30362046942837,1471.9030339623132
389,53.18581229273958,14.18711562191692,70.59265268926907,1402.5990063716383
390,59.77404701382915,17.58438166511849,84.14539158099691,1465.3105520728832
391,51.104487987974174,16.258007241675532,71.10439711718797,1538.7076254507351
392,44.22968556465226,13.691360027133307,70.85667416239244,1481.6048864575494
393,55.64669232629687,12.056913111768704,84.73870061764887,1447.0030937639187
394,59.87435223619784,20.650240314299587,70.97593216379605,1593.5875009563015
395,55.87501631681097,22.61069362059633,77.41708817756303,1567.724339577626
396,56.68690199943432,15.772115824210033,86.02126833760718,1509.7458814932618
397,46.551913797316715,14.276937788414994,80.80146088502929,1405.816546742304
398,44.39462190879847,20.624222786001724,70.52468522758527,1546.9135868804958
399,42.77573766710533,15.459054367333676,81.0376960576937,1432.926984938016
400,59.65571713701016,21.80200278575571,77.8324691611982,1555.2261958321635
401,45.22636911125667,19.072603456958944,74.40667016998185,1464.2029946828566
402,46.29754531297462,17.302312272240773,86.46015985681174,1524.4269925916806
403,57.92527027844149,20.404208311504625,78.19007530910106,1555.762922929807
404,40.55485198763546,21.652636409811528,80.7267696074563,1406.257205171132
405,54.03297655445378,11.46820706616309,87.18046522285172,1459.7938534402501
406,41.85127407959766,14.66486932558929,89.75865360129549,1586.068263198137
407,48.85192159300861,16.38037320189561,80.80868387083254,1587.084394632379
408,58.128460039265995,14.511199533772,89.39034614430129,1416.5125446330283
409,55.59562752169038,10.698642815398548,76.77967073735276,1560.2290839045543
410,50.97567554395553,24.580117742932025,84.98993152505321,1438.15340611
411,54.447690814993535,18.141812735744658,84.42045089857456,1532.051782698259
412,41.67852895303266,18.228362858509783,80.17138547907145,1459.658306917229
413,46.25585532250775,20.36378065342744,84.88901419950035,1558.6594699891086
414,50.88895874957118,24.808008957542636,76.65683930978733,1557.1295591602227
415,45.178232658265486,15.186382434331016,86.4788245541595,1495.3200432794952
416,42.30078393945592,17.66776302201103,80.43909975751102,1412.7651597409044
417,42.63586075876281,20.737697909643927,73.51557899902843,1503.911751550494
418,41.88701122664213,19.129757334457793,83.98813477119889,1542.4529906732073
419,51.169337454949336,17.240305647536363,85.3092149044353,1589.2310441749323
420,52.02925266579376,22.053748432998205,77.40358971721133,1586.4874934797795
421,56.979261763711456,14.143498829056973,70.69516066997902,1411.146546858167
422,53.513828702836165,13.398328807634662,83.75900934234211,1559.7414274348096
423,57.3362611172085,24.13307818414338,80.90701939355728,1596.1253177644976
424,43.05094411439025,16.591566848832947,73.83617995021794,1415.3908266817486
425,50.66645584292636,13.992644880207378,82.98925669568695,1416.3493720926133
426,41.51845699802125,10.682333800328399,74.13039582837433,1581.6284440419786
427,49.67253688864504,18.46785545883955,70.21165132400581,1523.7726600613416
428,57.30373983909131,16.794993346550903,79.12697681816566,1472.5113354146258
429,50.81606360630473,15.233883674752313,70.26552792793028,1485.2434658055156
430,57.54647753834989,12.461886824283658,83.76838604391666,1546.3324821323772
431,55.05891063084983,10.986707324634745,71.83845070911143,1523.079106769152
432,45.803670294755946,23.989614095459462,70.05275624174398,1424.7807971116595
433,43.815022573402295,23.00423203807494,82.51875861552386,1465.3168756767814
434,56.71639965997009,16.755981109186276,87.54347292738464,1538.0130926589763
435,53.78494779450771,11.136272665691692,72.7436106421491,1489.5614820447809
436,55.3379206110384,20.56826783609274,80.66977913571993,1432.6867697222945
437,56.84746872953129,13.298044162487106,75.4929323068624,1547.8689677105513
438,53.59422694586471,17.87539505453605,79.91526518160029,1468.1492438941268
439,47.75059626052097,24.915938620186374,84.09766959363583,1517.972390564121
440,57.09732623740677,22.99549963993485,74.92788860537776,1404.6195773540733
441,45.6043526428054,13.1693917259243,86.62608417521014,1433.4599737856274
442,50.552672703070016,20.78803175944096,81.02805620863562,1523.6117797406946
443,45.52495289852289,16.779179990959435,72.22474319573294,1543.618904630524
444,46.30829401026281,20.824626904879114,77.53354253511343,1463.5263750354368
445,48.36128642398318,18.668224465691914,70.58846787719584,1458.6401270130693
446,45.838154411811104,21.59256637610891,87.67000475480094,1409.4171738574935
447,59.519714696686215,11.560587948925889,81.27563229828313,1442.3520049252106
448,59.11837547972952,24.299433868640993,78.10447493076202,1589.4417281640926
449,49.65379498947925,10.50667729585447,88.20573266329781,1554.2711969345276
450,48.82462285824582,18.93049582233403,83.00745567868285,1438.6099826745376
451,58.180500257974785,11.555954112400572,80.4599006424393,1498.5174964130658
452,43.74605771154572,13.119203061004818,76.93232425215278,1401.4876572160274
453,51.22810229736577,14.016307234132803,79.01691507434244,1466.8840206843138
454,54.46171082084439,11.915537382659952,79.76959378409478,1543.6775330083665
455,48.75664753798559,19.496255736039238,83.85036478057476,1565.9471037162177
456,56.16691410227057,20.332852664693224,72.8747832415972,1452.3400780364714
457,50.60746016454398,24.742570510607585,84.46783509372489,1423.1786819433485
458,59.16883957992811,13.401867211806945,80.65905684012468,1405.9639925295799
459,45.210718593669064,16.428795514632206,81.42703454650258,1584.6713259118335
460,54.40048310487276,12.167485302058823,72.71883001675504,1524.1023505041005
461,54.80367859693071,24.611465350722373,87.22948034155688,1578.5811852817292
462,48.88805691199538,19.199325109525546,83.5107957555747,1508.0147560904568
463,53.061372221416576,23.421924263723245,76.83166550835836,1442.3332295533726
464,46.056592202831744,22.586971297813633,77.92836485788771,1594.761885048881
465,49.31645066127217,22.838129003668698,78.66455262517584,1504.5955159829584
466,45.44091811739865,17.44371560531691,88.39095149805266,1529.3320539964334
467,45.17530840310667,10.615522016081323,70.63194625786008,1405.0285819072885
468,53.57694467578324,17.957587894196354,86.79048203549813,1507.6573021626482
469,58.20518976698952,19.023204681923488,82.9511211857865,1496.333312256402
470,55.504060083713874,15.940545380683593,77.51957997209794,1493.6314026707598
471,45.48247397652943,12.778168827584446,87.51111559488746,1588.4806320417229
472,55.28783736328872,18.601808200687294,80.48541398670864,1496.4727787264894
473,43.34000217456272,23.444727459092043,77.81047061646639,1549.4146063939627
474,59.785278544607905,11.326584443841488,74.04744669764948,1449.8189030599162
475,57.18291864589803,22.59781746394281,75.12100119398063,1467.9802273006042
476,41.33362129367542,20.29031842968822,84.25465724348389,1584.9502773960417
477,40.997303492118796,17.79920191894324,76.70361712577444,1563.330609377374
478,41.50800293837477,14.76680984877511,74.8736048323565,1586.3611952591148
479,53.86042427729923,21.409263431926718,82.41371077618919,1514.7676307527774
480,56.0460913237187,13.838854186984957,78.18846296290418,1511.2715545212882
481,48.872558088937254,22.250417972120466,85.51781527529691,1464.3182977287893
482,53.75677532592398,21.068309469213688,72.17857327643688,1421.1034497146527
483,52.54930921302579,13.631769640207253,89.17968819828405,1470.7296326925432
484,41.808395235713526,19.944206131601916,72.75294627141962,1555.8971253707325
485,53.361725958374606,13.99161913956139,80.01067769682783,1571.7144316482631
486,45.045046796873876,16.054077780783757,89.92230767213162,1552.5587925415543
487,42.160854260304376,20.25671776526825,89.50779177464763,1562.2168092743173
488,43.496116767795804,24.536788760072504,84.61019562522443,1442.1947505018472
489,53.39966934541614,13.883725813354419,83.40595145939895,1441.0100137999227
490,42.69843335651964,17.855645018647,83.84477040275223,1414.2390645127296
491,41.164892314510695,17.740128851741787,78.5236630273939,1485.349859855417
492,55.25943035309095,13.38233205863266,73.12385084480736,1550.6062221392672
493,53.38640448216053,19.459966012572167,81.58107072889214,1553.5876546057418
494,58.720416226814855,20.697229911407547,78.3272193197783,1553.320572472306
495,53.09235287336978,23.23437024566315,77.6693052353323,1579.0689060502286
496,50.73734121657331,13.700415544866406,85.23533944611678,1538.7203114563845
497,42.96587600257154,17.25822874809909,78.13103666610294,1445.4369057702343
498,55.47693277243398,19.494198534744775,86.17515743011401,1537.7428301555792
499,43.56920934344265,24.08721146154805,74.09886058949292,1597.8907859855203
500,52.35005889195756,21.449438210271815,71.85863443468776,1583.9569028083156
501,43.57973066912379,20.1317248230946,80.99474792910287,1412.7676199266928
502,59.681829236336924,11.4334068530605,70.43832090787738,1523.813154402068
503,51.68712258178283,11.833348546346475,77.2326869986288,1568.9529021095436
504,45.08840744522053,17.42043185396548,86.37262452606191,1503.6955373089493
505,46.197326054459545,14.86665534448006,75.5532610575866,1530.1001503310795
506,54.61868451875648,14.893805366584317,80.42223289384029,1516.177464575217
507,42.65792543565135,24.6117053063265,85.79842975817249,1532.6700751404985
508,52.502369231059205,20.787585515857977,89.45732163503855,1543.2013177563701
509,54.128681666328056,12.91195603487917,80.93132100695415,1597.7576150910618
510,56.997590402251035,20.13767884097511,75.37072405489148,1453.3645697500565
511,50.64238228319429,16.480189386325122,84.78475874371534,1520.7174412042912
512,49.67580376058967,14.789819763233496,83.46231037631146,1584.64889813121
513,47.7736106439761,23.766011449249223,89.80927178707763,1562.868439428464
514,56.28525390300902,21.46498209061816,71.78271235984991,1434.8605335797536
515,50.05798330941512,17.829384779954783,84.56860530440059,1497.3888800648099
516,40.37010757654186,22.49880533164899,70.66375113674617,1479.4691450348969
517,40.387528782847134,16.021226610863625,80.38438203185747,1472.2904137059738
518,54.10019048710092,20.046715343829757,85.97338169262514,1570.5424387691326
519,40.42309314151172,16.300658005389913,87.79716370659335,1595.3348164555546
520,52.75394765311812,12.34993167137402,77.49705851163053,1582.196492997683
521,51.248470082957446,13.45608603075383,76.78718980113271,1542.0398766729322
522,53.80184830222418,16.39825348865265,88.65959140988292,1471.7925313670085
523,56.65735078101311,21.38325757479553,87.054523138353,1583.1508192182812
524,51.86057801936249,17.44790120018595,89.8588271389521,1507.0125513602868
525,56.80098376958724,16.52537524566962,87.86580846143946,1430.9514538311173
526,57.76571782403165,22.62441143019812,80.12050855505899,1434.6423821015574
527,50.55442256845413,19.29749994102766,74.57735104821715,1512.598259184921
528,49.644185083336204,13.382068353431618,82.33856473840112,1578.295437070793
529,40.65697849952253,19.187814186436512,79.64407813138607,1444.0610193953873
530,52.426259245386234,21.132917317011845,70.43648230753723,1588.6698784384444
531,41.29995978303414,23.54144240105294,73.96234006661452,1451.935822490573
532,44.492286407230296,17.796179997437417,74.7910042553316,1564.8616630039003
533,55.5434484184574,17.828026213805597,82.83156819997446,1495.4277109916202
534,47.517293692382474,10.625554282807876,87.90583574797284,1590.8768669512579
535,54.507622444782655,23.929749931889308,80.89236688591511,1513.5867873209195
536,58.45478042669638,14.350283699267218,86.55937417255612,1539.6970311344953
537,49.643385226798415,15.295208025273173,76.37488036503316,1426.1170038138516
538,44.861962953969126,21.09835089628695,80.95828427588201,1550.3493913872871
539,52.12076003020492,15.778553140140382,72.92058559274703,1440.3272812527275
540,46.31572875571236,15.105336225357426,84.93438102726533,1408.8146718880466
541,56.61819479399129,12.923389822655126,85.30979651653028,1454.9753084559777
542,50.09356399633351,19.416078379957774,82.3952188433778,1597.7276427415127
543,56.021750360303884,14.233597938154775,86.70184788843923,1569.070576528171
544,45.621586570161575,23.901143631614573,81.63603435962864,1483.2603552179705
545,49.043655121575824,24.956154800783985,87.87479934427336,1546.3604884749589
546,48.55344152095179,11.672162814636666,76.12727118177902,1421.2764856863523
547,40.78866897932673,10.830810591972458,73.462600666493,1549.3065385071513
548,40.23925565892801,19.567826848778733,78.05508861729837,1458.7078821252003
549,43.43218724266345,20.853515063739422,72.55575930091206,1562.6679655484975
550,49.18278062183643,20.443455509829185,80.32300826751899,1595.6705654263255
551,55.627476856005956,13.181948369698674,71.93254243813284,1431.0243556629944
552,41.63202345303266,23.236266552376534,88.70465356065485,1568.1697725229462
553,41.26634111129967,19.051182076547803,77.80604015404681,1448.2081412675077
554,52.28977505693994,11.890750487626198,75.57829356940069,1403.1449846293608
555,50.30706357713571,15.819658102722196,72.90545909322475,1541.356009324415
556,48.94644432385515,19.419430727644936,78.02614414654661,1567.01619411492
557,48.2018628480627,12.639461706067694,74.17987343808741,1473.3090610891943
558,44.34036752938195,15.888697585390531,83.59512573063401,1403.3321847220525
559,58.21303038793721,14.923260333689543,74.15495222644215,1531.4592273804617
560,49.512056333888296,19.485019351014444,80.34727285229087,1484.1907540952502
561,51.60813780663763,18.32384405338128,81.70897342537066,1513.5089127614172
562,41.181102769813315,17.019505910664474,80.38592970269688,1446.0406749184847
563,56.035975656680066,11.593147867513665,78.21161798454172,1494.5744908094048
564,42.391592387920184,12.070163743687605,77.41791876963836,1419.2894854572862
565,51.88016976162196,17.09986987143882,82.04964369967425,1459.026746265272
566,41.91974658392565,20.940671989177453,81.51578121514655,1574.3436204321013
567,43.921994945310864,10.083415165049438,77.65461382804936,1509.8234092331834
568,53.8103730081642,18.506703804410634,72.14962125405224,1490.6406694279706
569,47.549234643304075,14.883130995688969,78.95724947228507,1545.0105910980112
570,41.686680305552805,11.517178822503892,83.60737378025158,1550.3586542712885
571,44.78098841972259,17.5063527897599,79.3351902893875,1560.4766003418067
572,44.88746945116936,21.938199913864906,70.75676955757952,1549.3939329019086
573,47.913986773917074,24.52031831552815,82.78975271816634,1453.5096245021598
574,51.70355917613445,10.385066619700961,89.65709033538454,1513.367314256613
575,57.23726377723406,14.764112346490526,70.36344363302072,1587.7161788042717
576,59.893844956109035,20.985468204594195,74.44837557371676,1421.8587955581609
577,59.95818694639601,23.360011678504108,83.64237381884945,1425.6715622899435
578,45.457053874606714,23.96953327239109,74.45054453422189,1489.7721247642603
579,51.737520383519126,23.242576893750332,78.51354285038352,1516.428503179746
580,46.73748753571191,16.02374321890931,79.11771286159636,1517.6507885990723
581,48.0023049177525,20.81117583407363,74.33049475812855,1422.0526900940408
582,57.48646735560794,16.757127540670716,74.28188848217141,1481.1209743014065
583,51.036690362506484,14.4655764714477,77.47870977431361,1458.2160655780335
584,56.11872087737751,13.515915021238822,75.12180667534264,1597.6103159252502
585,49.800535470816584,20.293644676370256,87.22349098640798,1430.006489264818
586,51.94876148946371,17.799388403431124,84.2580669050584,1558.8245306618564
587,55.00795954693331,20.151687033717923,75.35044012200942,1524.2907049441965
588,58.18148662656182,15.230157617556245,89.33377532032958,1477.7771406083557
589,55.65226337430044,21.91078521938047,76.67041878604277,1594.049352214936
590,56.62177028011901,12.57011773798237,78.16370396443553,1468.307671005699
591,40.06702033584906,22.613399713830844,88.05081013257171,1407.3874469706054
592,41.222062525869326,11.606602046413325,86.93450758014922,1512.3014014762084
593,54.17908222592553,20.014621280520757,73.8255140429513,1403.0535615776523
594,43.41484307611332,23.42089196305574,79.81957456005082,1476.7353477134614
595,41.691787499474856,19.42669364765917,86.73818955326946,1455.2652166844296
596,43.06327743998847,10.515857206648295,70.87175785963375,1539.4372273727715
597,48.12615827686351,17.51996194669789,86.72264335631095,1561.5262490104183
598,47.80902753483063,19.03928845256648,80.26257722189727,1549.3555706250515
599,43.26779289833819,17.593654585295333,87.87991379494431,1529.7029317017204
600,57.47063534156992,16.95469462095226,78.71526408249248,1523.708043599529
601,51.836797353127004,14.977798083752704,83.38484668588168,1506.5211251770481
602,50.90019875532429,11.029404357863866,75.12746637227605,1480.4496305939795
603,59.44792230298748,20.77965579184108,82.88861810239229,1432.0436131867937
604,45.59708863727049,18.751623517271522,75.58401183286156,1456.5796659789605
605,46.06963139184735,17.935370831271875,75.67622065949773,1455.9051342417972
606,55.169844701923374,14.214465668225712,87.13499105669344,1453.3960853519084
607,44.44389358686942,21.20471516868152,78.52583830119715,1510.8370155123991
608,46.40187156161201,17.854148781960703,75.61158395682315,1483.383557401306
609,50.28573496972043,10.591749174753803,88.8674005342007,1555.1054232929112
610,42.87005950527858,12.094337838449395,77.57461956773436,1407.7748285669772
611,53.58859778660624,23.654953332069695,81.90094848791969,1449.2682181445862
612,51.65189396085557,14.472436880134183,72.37902399390745,1511.8659277913796
613,45.51298739845852,14.494168046346084,85.07309090568793,1461.0675346014589
614,59.90972703775857,15.485012733658435,76.84697817923093,1571.3735779583637
615,50.98039435463204,11.606095603667283,74.88418478460494,1434.2597400821837
616,43.944308422146435,11.272957181363608,74.67132674392275,1521.5807258255486
617,45.34831938334359,17.391598695476375,71.74900433296541,1569.1185767023321
618,44.07885221154627,15.425248266880141,70.75041163208216,1500.3719383270893
619,47.208604633679286,15.399867454111423,83.17131379217705,1426.818929985123
620,40.527499183924064,24.739617592966134,89.06653054292909,1523.3532829764576
621,51.61085338196445,10.145761489750361,83.03863537977954,1538.2128625900202
622,58.590744559939765,17.486719785480297,80.52006174442505,1464.9647724177707
623,43.04076807929796,22.19702713375954,87.5344097712447,1585.9148057135396
624,55.88418106830403,19.387671731489043,82.66911042544076,1574.1315053644994
625,59.94083846862419,19.60268889547683,79.33333616710314,1518.3778927719964
626,40.08097385770823,22.294951112781916,75.75300104676636,1546.2041675180546
627,41.86596606704475,24.518030092863945,82.85510736035367,1498.5079732981249
628,47.6912909003305,20.598047238380065,77.10467547443875,1594.3086803567833
629,48.49032334363639,21.500279701278966,70.48587414632638,1410.9492305098963
630,43.477902571916346,22.46623919406124,87.81334859568919,1410.8244578756323
631,40.1542918515687,10.66358237045871,84.65159733833966,1593.1605409373426
632,41.34510641146008,19.438960410293326,82.47183617182911,1564.1533818550272
633,54.09298244843672,16.066044013442774,87.08902432120165,1582.784825924287
634,45.59856367723786,19.338868554725366,87.32056391023977,1597.8080414861868
635,59.641533961263995,14.770129364150868,71.37993183834577,1530.1296644637996
636,59.57809209778277,18.307925219127036,70.88439383889526,1479.7214415581593
637,50.991275193895916,11.024088275532273,88.93370083129038,1587.1421958450203
638,48.17294760079555,20.473900050179168,76.65053164329385,1537.948195616725
639,51.14759339933913,14.121750796514625,85.12618824848998,1455.4353590487483
640,54.68190063750353,24.99512704141751,82.0629996213315,1580.6531151273298
641,44.204481268400336,23.1228027531514,89.35836782270611,1590.3647969679246
642,57.036708589556,13.258784728736927,74.70401427530378,1559.2562670322538
643,57.617495281871,19.179889247900157,85.87342481520861,1407.3889371409425
644,52.28300495356148,11.101831481036752,78.3740060840558,1508.8998117318981
645,43.33464445046198,15.471106911714891,75.09463338210509,1524.612734371322
646,49.99377811409797,22.81770639375249,79.32505786681462,1467.508917583084
647,59.96060246555747,13.007395409542422,81.32573258421166,1416.1713446175459
648,57.35839176483928,19.852536366237754,71.07179958478022,1483.3636408028924
649,58.80878942571572,19.055490078004787,85.65226354729901,1558.1604459156044
650,56.02306924489099,11.69609062221343,76.81008374505485,1408.3147985784685
651,47.53450797535254,13.769042479590432,77.15476536235153,1590.9349717829905
652,40.366650564061466,14.090603060338097,77.83323200904266,1529.6345018220813
653,59.56629280912084,13.404835052496209,79.6942275922437,1543.7233454225425
654,57.901255003834805,20.22310548348468,87.8452631143433,1453.4399075416636
655,45.807502558800486,15.632920980214518,81.44926319121863,1528.816699752655
656,56.06475826264969,13.604115353537164,75.02862323253643,1480.4677045338558
657,48.80901037572741,23.718599542090033,82.30402077453772,1543.150619087646
658,49.292564431022065,21.76749837549608,76.96966758217013,1521.4273658700938
659,40.39001479974132,21.99399963695395,79.07941224370678,1549.8497694400003
660,51.47751357926462,17.39945921390536,80.3509886398588,1475.730356259707
661,47.37400384602441,22.405278371269063,76.61209699878174,1414.7006588398142
662,43.10754033866928,22.594975998624797,85.1508598182414,1592.2623226090038
663,57.818223452925125,24.24678316769632,70.25567564777485,1458.5615404142957
664,43.12125590411947,19.75602552041574,82.41527147541258,1432.2045758306058
665,51.10477657295243,22.618771523781373,71.57893241615783,1456.9178354230985
666,58.217625103183394,20.228395359042203,86.8401433237674,1426.5577689093116
667,58.002847631230246,17.56626546121577,88.35804033100563,1466.2493494371947
668,58.12209377166792,17.007489614064,78.37947423095878,1584.2987599084179
669,40.13519076972517,12.106343605749386,81.05151313769154,1595.1300231834916
670,56.61222738885119,24.34871664063398,79.59543163540279,1546.3427735318746
671,58.15171943537348,17.03902813286672,83.40209509714357,1589.1498995369484
672,47.577503209878266,24.04108402962621,75.4262463433769,1424.6265086962824
673,56.39926685351928,20.465057082073848,75.5779078130779,1589.5561578867766
674,44.20311663863441,24.190425130505062,73.06842940551844,1542.7570628089804
675,49.437752009893025,21.658423545291747,78.95786134964332,1401.6662389585506
676,40.827831345299145,12.781254477163962,84.49940845673355,1495.366389008388
677,40.42422439990535,20.237341236410373,83.9202159490714,1420.4985303600622
678,50.315369111741774,14.832180214977587,72.2511511408827,1464.7603767632475
679,53.605447167480676,11.7422731441815,80.17378174159121,1485.3166594419947
680,43.87671528695319,12.016485777597449,76.10856225740993,1562.1776011957327
681,48.3374930515416,22.434644184478266,82.02695955047771,1564.153495313577
682,40.365854864963424,19.963545552709032,85.82373889664622,1570.8880931934598
683,44.398356366144284,24.551762710203683,75.70704809800773,1443.8590516339739
684,40.087214111361504,11.003801446624815,86.155792481744,1571.3053779230502
685,57.364054024506856,17.09017712762507,81.61956574534412,1482.8356228608463
686,57.977256929708375,11.473443222203853,73.28934389038281,1594.5408804175422
687,40.09468027642908,19.424419382053472,78.97945579796458,1481.430323848428
688,54.51753396215142,22.402372753840993,75.71640161237185,1411.4708671484082
689,53.981680954898096,10.194044672071795,70.15755727169254,1411.3476030766806
690,44.095222154167075,11.707403098156144,84.95416234021634,1518.0224901760769
691,55.14807248368955,13.544177755660037,80.8091378042696,1549.3823404257207
692,52.05651410696015,13.733789237944098,81.7091573727432,1497.4079072350696
693,57.88662349256859,19.161922734762037,71.43466080073536,1506.9454151521486
694,56.45796694779304,10.42241367977978,70.42554121542877,1497.037769828705
695,57.53753780359523,23.835571439725392,70.35270025196498,1463.8034641195027
696,51.94624421933893,12.488733939854658,77.63194754283587,1498.2807386641427
697,51.237017555702266,17.327065142684795,73.2860588910078,1485.5820750571963
698,46.16236912054003,10.454771574615206,78.25465519307652,1578.358205039229
699,43.52903124188647,22.82939917273715,89.30697811866752,1411.1878592264386
700,46.787565880342385,11.833370916111964,71.39160689934796,1542.4545279707356
701,49.91354945932877,17.467313850908123,79.54998892138626,1531.8084255987044
702,53.74631611899712,16.46750872580062,70.83206903636062,1527.3006709848319
703,56.55900157823543,21.26531823155883,74.29555347952753,1581.0680321278148
704,50.905038545762736,23.589530678730654,78.83432930612891,1453.4201945930974
705,42.496257471608615,21.126944379091206,70.39301785403464,1545.645044971239
706,46.01310284615731,22.210446949506057,85.35951456539607,1427.9557729188136
707,58.30220832873271,10.794829360791349,83.78231432579086,1528.1146341044134
708,57.29051794701545,19.7762324008334,86.84828306224142,1438.0540177543428
709,48.05611439447791,11.155866163637608,72.9681965891106,1565.4375505533053
710,40.17504013476033,22.14271378853584,86.01812195090645,1589.8731203335808
711,50.347490147673305,18.064180318930703,71.80305500522968,1565.6868848182594
712,54.457591224666956,15.39259223824504,76.15994563361122,1489.6933498988985
713,46.70050542519297,21.35301816075099,86.44057506944381,1578.964548678301
714,49.911126361843465,24.738875760343152,72.78282973481754,1472.7347613177105
715,48.000830682816066,19.59277681768861,82.6981758187307,1435.8348530901794
716,49.660823891350816,23.512776448191232,82.91242313094727,1498.4118022786959
717,50.55285747654438,10.52817112458139,77.11605591741511,1558.5999661100839
718,40.411965336595316,17.402126444434785,75.1486871321161,1439.7579915674878
719,41.55147279758279,19.956279425733893,70.47969997818186,1560.7883695566745
720,47.10973037926913,13.353987820143189,87.96012850495993,1599.458697583712
721,58.25511456528187,22.07890421014828,75.70174413274205,1436.4424791812155
722,54.01808163790147,20.398752963716127,80.38475660677125,1572.8370334269562
723,52.968775042187964,24.39768988382086,79.98466702815463,1461.1807692506986
724,58.287229362078435,11.173225109612746,85.16530409841684,1598.8112181846095
725,50.656250498145,24.941173145731028,75.64352515645234,1458.234689507492
726,50.86008041855167,16.29209899981219,71.52042705106192,1433.6024169207712
727,43.91837009225745,14.79386683146421,81.7907588977641,1444.8379460538802
728,46.793522460022615,19.918493541473048,76.45846790834206,1478.717917364767
729,47.86432816007878,13.0264359820824,77.67458107841644,1465.561557752477
730,55.044429831812884,14.934952961438338,70.70095248591727,1591.8241928216244
731,48.770893065724565,17.489829037579252,73.24025190334893,1505.4911819332535
732,51.35107084976143,15.667992247556828,76.62447218596905,1570.6471157538401
733,54.048504885937234,22.47776224249205,85.46662068058191,1404.9985813244487
734,53.3310083951303,15.496782049796145,77.15327288490026,1417.1980084327502
735,49.11472452107479,17.637199611516515,86.16945357194429,1501.1368070469098
736,44.33350767892772,16.290618033231716,71.91970151740833,1461.3068731749802
737,52.994043784499404,15.067640794043951,76.9910427115463,1482.1049371522354
738,44.58510725117527,15.334768482468073,88.29944613022647,1564.4995023782458
739,42.24113787806117,23.888132377356325,74.35657786921325,1430.820108595577
740,45.210334732318884,17.83651133200881,74.15421954515607,1408.979366900084
741,58.68511787813817,13.538242194785386,77.14755117696205,1541.682344632123
742,53.68210800107738,22.43905738220928,87.71204863107921,1551.6157672989532
743,44.31032372467688,10.259348875585564,73.41192264093912,1465.3685448592828
744,41.70560614612283,14.512086607562395,89.72768382561165,1421.1553947236475
745,47.254255277604656,10.377923135670859,85.68295014503873,1543.7056091687646
746,50.38929776273405,16.955524910046794,80.51445739252128,1535.8023491852998
747,54.983219774762794,15.53619647247493,84.0618053977408,1565.633786573198
748,47.28215145841669,17.278655579152176,89.81016903149484,1418.3554212989304
749,55.843562050451574,10.034959331440582,89.33473371905555,1594.492512923619
750,49.43810464982789,17.832511740361113,71.85839368608227,1476.8658812862275
751,50.19860582787403,11.244261409455687,74.83981611171927,1539.2071154724008
752,45.85276215405961,16.259658426811217,89.20418062087272,1562.4612858322428
753,46.58277795982,19.46050412450857,75.61363663956128,1400.6407346530186
754,51.42221310895196,11.17605648382443,87.49526994070578,1401.1192300299415
755,50.60036096928215,12.010304337137951,74.78647731060757,1409.0167030669843
756,55.61232200457563,20.240821277938647,80.17679217311525,1473.9940071774624
757,46.74492932342103,12.939204306151163,78.45946503092203,1426.4231334469225
758,59.2499536532758,24.623066093697272,73.1048372823416,1446.295825012858
759,58.45513479606474,13.276348439064453,76.9385875380522,1595.4373094461255
760,41.2362835851072,22.55169161565908,84.52730668286583,1442.5131580980296
761,56.063937969413665,18.242161832391623,70.442067566993,1517.1910530747043
762,46.821334612997816,15.713611263467616,80.40720046072579,1586.045532435806
763,53.03316263767742,23.89868735906217,82.23301186189968,1598.6779386409921
764,43.02938151422624,13.405479836900057,87.59117847610199,1505.9885070673292
765,49.21782589652415,13.341268357456938,80.38942064368324,1577.93681236677
766,46.252389045425666,15.795827019190952,71.97063088534205,1598.5312271219582
767,42.80232692049239,15.023062317620711,70.13325006140526,1562.8670085260842
768,52.753677268252765,20.65588324403445,75.7536772598648,1598.3417143029133
769,53.79697909538719,21.04221597140674,88.27658142275955,1512.6511303185223
770,54.73482821807592,18.823484970861067,77.76262199067462,1567.6111252774176
771,59.67124617468073,24.07931558677514,89.1855195193792,1404.351562503275
772,50.19068481284901,22.29490074034854,77.08950411838593,1420.5491158273376
773,56.36198462119897,13.82467977106707,84.1836591162234,1480.9999842510463
774,58.468143270335005,22.337218180614716,80.81252973109196,1456.8885601573268
775,45.37573152303048,23.09089574966316,78.37208466893209,1555.0409542045577
776,49.9663008301161,22.78976565734778,70.68673953628665,1551.05212129329
777,59.931505516183606,23.917435895586102,81.64363091316689,1437.0849333433125
778,47.497664844752656,16.456641296522456,89.43625365677325,1476.4372493729854
779,54.01351886058143,20.72911195317032,82.25070877544769,1571.15647850978
780,41.35135587454125,20.978706918601517,74.36101360710843,1414.80623551273
781,50.1168464178892,18.777387901139505,82.22303251922644,1412.3149502214192
782,43.385181458885604,19.299016638899587,74.22221737033998,1517.7271006682313
783,56.388513245733094,11.391905779578709,83.48586236432779,1544.9554054857101
784,55.94357127009262,15.594478937535044,78.99426867136171,1573.4356208704316
785,46.24243122201067,13.787825087931353,76.20648892031586,1533.8261172072125
786,55.65425943697992,22.925085718562567,77.39167326254598,1521.5194473623471
787,48.85662878072297,14.462766808094015,85.91072830371273,1490.3748057887856
788,42.325849558256124,24.248552609269602,86.24945975625769,1505.449807568822
789,53.63976531520091,20.388532558724975,76.8829780396406,1592.6335327383813
790,47.07430450768008,24.178491699518467,73.8333397508858,1573.1316215449017
791,56.16382600739105,11.30059252190701,83.64715020242447,1568.2527470907519
792,44.00329385709482,18.548834935063866,88.6966122369237,1486.8187179232166
793,49.11139372926852,19.01752170596493,85.21014614794707,1570.9919900789996
794,47.32201729713501,19.78528380883303,78.21497512252118,1523.3164435449671
795,59.43460209565248,24.19598829132389,88.50544084649623,1474.6084484070645
796,40.33652456268355,18.282917821175793,70.26768717361534,1432.1921260180031
797,53.63347966817082,23.962965941893437,88.46041375524722,1465.998670351221
798,52.552896266690325,14.528333187003952,78.56446165079822,1576.9685629441315
799,47.99937051090141,15.946496374756444,72.68191350725938,1555.8047597344346
800,47.27377743477679,21.03535613447834,70.84669611626545,1475.0206461761566
801,45.135868663045585,22.224108371918618,71.72063173235296,1599.070511590883
802,43.052104724239925,15.52533210286446,71.51217358167479,1440.9527662166217
803,52.62814818483612,14.4535745014716,84.47829935378945,1523.5457079452306
804,55.05735389289208,19.33338372796914,86.32357741124298,1589.1540161119322
805,49.74133606029048,23.38418941987745,74.92468260292387,1404.8501348773761
806,45.20087112565487,21.561360955693345,88.82010982313065,1575.632388410194
807,56.034262289379065,23.780918228386604,76.51339428111146,1493.5818455815906
808,50.821149530384474,22.65730301127187,83.02567460390918,1405.0155285070327
809,43.084615100164086,23.42726139779265,87.938923535411,1423.053289992206
810,50.023358302563956,20.990962866879308,86.02824140191944,1494.4798124534723
811,51.023590239875794,23.89173741606472,86.82357739623143,1444.9970002061257
812,54.07996808422823,21.244337875142563,82.05683031040088,1514.5658951099929
813,57.147930312595165,16.035231954752977,79.82884218824253,1430.4928690812008
814,48.35705902780219,23.764864411852326,79.84477639972924,1422.0566689606508
815,57.466899187642376,20.838482807675707,74.79357549335967,1415.2559451200352
816,44.79941868578956,10.855757529136755,83.93749866462187,1598.8957604377515
817,53.835673742260504,21.88626388289594,71.50404922231291,1592.9409549825734
818,52.56396251728381,22.56153841591803,76.86476896115266,1478.0543766174508
819,49.65223759252011,16.6202400957079,76.20234134495871,1442.89578241565
820,42.96593580114683,10.577938051688916,82.4960736159663,1425.8894663278882
821,55.64224227853353,21.944685982467,79.62502322015764,1477.3606753816596
822,45.450072395707004,18.021374082368755,72.95737618270041,1477.894354305458
823,50.46272945307412,24.672488006324656,73.15123232620641,1402.7722067312613
824,59.43181685811545,18.112697749740747,83.91878719804262,1470.9103751070265
825,58.289532695995995,10.992838729219741,81.72356556065704,1558.2123991702485
826,44.14699507489661,14.588224001175162,74.10616954027626,1424.8360480176752
827,57.58891407805781,19.33089140712255,81.06495188784449,1506.9293024328013
828,58.87633145381858,21.185796208158635,88.40033251908663,1486.4407381842234
829,40.712031170627746,20.208005030916784,75.11991304559568,1547.1992850855002
830,52.23071814116956,20.53743314478329,83.34298972220802,1521.7743134560963
831,42.10694754327159,19.55895534479405,83.84777585913045,1494.8153419538226
832,54.441517143611875,11.107674423655975,70.84772028842454,1456.3256936329124
833,50.87795388279396,21.731307119833303,86.02798051713701,1452.1619923683986
834,57.414207568436666,23.83267638862877,72.88120074775253,1560.1947841074432
835,53.13213346060873,19.369901161733353,78.11000080142446,1531.7305478891321
836,44.09219202715457,14.410231370026883,86.44784879901908,1491.7826042253946
837,40.659400412369465,10.535495701445539,88.92482781789926,1496.1234585102604
838,49.39796562212567,12.607097947822105,85.7354207391609,1561.0764441983222
839,48.805086228194924,17.144810926907876,76.26153593078503,1473.3031982120804
840,56.62300252152383,21.864237198247856,81.89586734376087,1574.7705440798813
841,43.576776759733946,19.44261582820326,86.87898491315103,1493.8249659999792
842,56.82902407972824,21.076827987479724,78.98735094919132,1557.2925649887006
843,58.451079976189185,22.33348781250685,86.22998253459558,1549.001549530283
844,44.92440888061051,13.561462673273951,86.52674195255449,1402.5829257461767
845,40.63106879219353,24.0023360120544,83.86612684234282,1591.6675465112407
846,43.151306736211076,23.018720032404147,81.97672184994647,1515.3034906489306
847,50.974412880493595,13.219231055005164,84.15532309105909,1515.816508938304
848,57.64053520074038,19.16519078977762,89.25939027569531,1570.5899089679215
849,47.78689338211898,10.251805849194449,79.75719514411628,1585.8024900911714
850,56.60995775617854,21.200285644230263,88.95393098089644,1572.581965039209
851,51.385475215613354,24.862389737806257,77.32284362299367,1545.9207766931925
852,46.956514660885944,11.802742322882247,79.8539257394857,1501.9005285726694
853,52.386025401011885,16.35061484749526,86.24441255796893,1463.4502743276016
854,58.362125878871666,15.706725502320744,71.94898212285321,1439.5501560351604
855,47.99697765364296,13.559000015289989,73.34533278723194,1425.2213746419393
856,45.04553902193725,10.415791463781483,82.95450753413073,1517.9243569896425
857,42.422670365314474,16.25022879642623,89.02843012308261,1475.6845239223528
858,41.11859055813874,14.154502092439602,73.38401487910414,1554.376089344268
859,49.796488884924045,22.91902564642443,81.96633957578646,1576.5893473270166
860,56.80022097653074,18.486812291292175,83.37289259903027,1402.431172546366
861,53.85070037930487,21.192695523856827,71.1306391881531,1483.648151528769
862,57.41170516879655,17.480232504940354,83.8003680302906,1530.862102315588
863,40.69420288225517,11.244078114544914,76.27447798204078,1515.1722396587465
864,48.55557615331234,10.625599208225095,88.02419242166744,1524.379645986977
865,50.268724750590025,17.663723141503134,75.87593642399362,1506.1292926739943
866,43.06770291620719,10.994646957539567,72.49992237103751,1582.5184434897255
867,43.443505628905996,16.14522227255172,78.78469109006983,1500.2584409371048
868,47.951624437263085,17.421882399975654,81.96556898998664,1480.530803848006
869,40.8225207437486,14.452240954564443,89.52472898900206,1598.2627801032586
870,48.634451215904676,17.012501679956245,78.2373240402199,1539.9066802478687
871,45.75919498323881,23.650110869790055,73.57837635813026,1557.659798574147
872,44.511987313812554,18.191198586150122,70.62934137192393,1589.841094453116
873,43.25719043908526,21.24166787668584,73.33741078727034,1446.5138851067616
874,50.29058104626374,13.867517925974338,75.3440547952926,1420.9261861560042
875,56.17297200927894,17.873116946681314,72.28167850546937,1523.6680323843239
876,44.12345492546577,16.976290990739642,74.25674368817612,1563.591568909771
877,49.067211760651446,24.380172505224035,76.59766288980697,1588.7592847454755
878,49.78971546912424,17.983125528006674,76.45660883145848,1503.8838826785584
879,43.71843392142862,12.68652214107084,85.52695446692267,1427.2966434729112
880,49.68171791736074,21.791682365546716,85.67406803916805,1570.3801658150587
881,41.413115189924135,18.572751922681768,71.42392108307565,1555.7667192274077
882,44.469416537515556,17.705275744057857,89.05690140766662,1537.7115633228834
883,49.60271281330808,20.215250626136132,87.51415990521643,1541.7155907321546
884,45.200500568461315,11.750800579986452,84.56149079620872,1562.0776774771614
885,43.38559633246292,11.07714645685314,83.43005692898379,1423.5199128845559
886,40.58792941037021,16.826767225407547,86.54304275197497,1564.966892527178
887,50.47998415438205,17.57350313743979,79.98923800734306,1410.6105454915235
888,57.276261687810745,10.788734619953729,80.22898507315334,1421.875193388235
889,57.60947638899009,21.73269039771,87.01974333541447,1477.1065319168804
890,46.30111934927622,11.127008514918789,78.05988966488322,1514.6595949546504
891,42.37917559761538,21.07831806370445,70.95861290130344,1458.4148930723927
892,55.660302238694754,20.6742348531939,85.5096112132432,1547.105669826345
893,42.76344133322301,12.69271997137906,80.58897607153865,1559.0907497037663
894,44.551605129505354,12.589624134619248,71.08541193387208,1498.290972025192
895,53.931632567366265,20.547252499404326,85.80971027333575,1470.1624725719334
896,56.91913197425076,15.636532264268414,87.09740275602276,1598.4714319036748
897,47.03205254391805,24.252399357826715,73.91531529800388,1486.4176852056787
898,50.74720624559181,23.39186040337256,78.00019148118544,1496.1989364008166
899,58.138253320247685,13.42047795577359,75.1962811153917,1542.367005146511
900,48.796879102179744,16.684256977219626,72.21409123063901,1582.5641272944943
901,41.06509100363457,15.162676446044115,86.48947157739252,1474.2853064419862
902,41.185713640914,22.5147302988131,76.55381029178866,1453.6801827741806
903,46.45218320209631,21.116542596860143,86.01029701810548,1448.1951431236416
904,49.18127082211344,24.56524760155374,78.52809703888914,1459.462679218767
905,56.2425003081964,12.020229202544446,87.65548053135387,1437.419088698268
906,43.838279066116705,14.585482724330673,72.41529066044912,1465.881361153106
907,47.03238442586472,14.836454261228255,79.00615580335112,1521.5962314629203
908,58.345641179495196,22.477915026683903,70.81234835352629,1433.0179673291354
909,55.06128061690548,13.814232138029258,77.05994291238486,1556.1519207333508
910,49.01003596527369,18.501419888716363,81.10449463392565,1484.716680854884
911,50.26877215794197,16.60431377034147,82.90620916091652,1448.381439589622
912,54.10020054982853,12.901914920798149,85.6640248910264,1421.6125690004671
913,45.7701574722942,20.576720761027993,88.41458589169005,1442.0395777058243
914,54.07281681762349,21.310412894989504,85.42584266807053,1552.913417795589
915,47.25074318987258,13.267268094385875,74.6830708031797,1529.1681030534664
916,42.29246942175606,14.569217817485212,83.64683624744215,1425.7960791883647
917,59.89700436263224,22.18364885157517,82.56823867663537,1464.7866908561475
918,54.00541143998513,16.672874299654772,89.37398472832571,1498.952537297502
919,49.674908075400054,14.719644108216851,83.55494609949639,1400.125733768139
920,56.8402031294311,19.771912223814503,74.899850547875,1497.6115443651943
921,51.312374564796066,14.970692888147068,71.175650932294,1522.5958801549277
922,55.574048999229355,19.646567312788363,88.55373006606776,1485.690375346045
923,55.6201498799567,10.208287074103191,84.94040014531629,1490.596438643749
924,41.43714565460206,19.806771239524117,83.33001942277734,1448.352225722214
925,55.0515884336501,20.607634509565965,75.98920473418416,1474.0058422399516
926,59.289104308356244,14.11739272596346,80.84016636189868,1529.535860525527
927,42.65289936289755,24.213389966575292,81.96570042569874,1598.6325345114064
928,50.424548627311914,13.658083918030037,80.6491971053142,1592.5505173526483
929,50.78542215269145,17.322263963029567,75.97206557453723,1404.6764434971562
930,50.366139637194124,19.199194627811824,75.62840923027282,1453.7635855066621
931,50.31675460142983,23.224955956543496,70.78350572052321,1578.6216312755064
932,47.97432014427884,20.041307366907972,88.7888962124341,1560.3528798058237
933,42.09294884608474,18.3311750643651,70.41843992811036,1591.4477774320808
934,40.04617075484143,16.39183575355955,76.00102201675645,1535.994191920146
935,54.28612354206464,22.07029622633612,70.6845835737387,1593.2735633622544
936,56.511093780293464,15.841026027619082,73.86562732187814,1505.140934249836
937,56.32943927412869,24.576587490672708,88.35743132629605,1536.0167317161106
938,40.36302426034206,20.039277109814407,73.30815543084668,1591.4089700836391
939,54.75556633871227,16.840104429048516,74.05116748331898,1548.2693050709208
940,59.242244697623214,19.415900182266416,81.4470156891352,1452.811487048352
941,41.71700934256796,15.332353651506814,84.64883591646903,1416.0334803310554
942,56.592044631150294,11.967166431542068,72.13432484621354,1473.1576787899687
943,55.63025057720711,22.763303458436447,83.23472708466312,1464.5924035244063
944,47.48144998253711,15.241558810906584,88.27843853397346,1464.875214809768
945,47.35376022342359,20.512847990469886,76.76189421431931,1455.6664782680427
946,41.75772759455305,19.94114404930837,85.94879727797422,1414.3926331585797
947,48.94316222252795,20.987515544881724,82.61748965632066,1518.510488176661
948,55.34359908884357,20.025202079523275,82.60037443666138,1500.8551276998735
949,59.45975527645354,15.063988803252997,73.78709111922143,1592.8280424200761
950,45.1025732704896,20.899552764461223,73.45807462973747,1425.978695728647
951,48.64490694916951,15.379654189904116,86.80424900596421,1583.0363080362963
952,59.08562027973997,18.12238859298276,81.67024081668447,1405.6424435406038
953,42.56298353555472,21.726597032818507,89.04794862198915,1536.599756809874
954,45.39653795536415,15.478208483141808,82.6124390046592,1404.6501380866353
955,43.76738956544598,20.67759727022618,73.44822428401245,1585.9651829107615
956,40.24806332217015,20.193736896936745,87.33151756510772,1529.0030327760746
957,52.99583324981164,15.137294862948558,85.07280214154221,1541.4158556090188
958,49.67315219228465,17.58691428034211,72.12052182790345,1472.7399965212994
959,56.66530468036653,20.346715072672957,76.29407267937425,1597.1866463070658
960,49.79280329884983,12.36674229906175,83.46849234811322,1554.0774716745334
961,58.075130246626216,12.575803188293968,79.96723772833491,1442.8422481401944
962,45.54407238941903,14.62819743933382,87.23512624196374,1466.9367749721207
963,55.91655054763076,11.750702448695156,87.79396808055172,1586.5438478744454
964,59.36969573268542,10.205020854927705,80.14546629783202,1414.9184929557732
965,56.67152269059536,12.372913485395488,75.70680191822788,1544.4052873466412
966,48.98887630175376,14.91576260487598,83.8231056954059,1473.5451909310086
967,59.83373802183597,18.350397620653844,70.26477697228123,1515.3616996536568
968,48.3580605691425,22.154193965871688,83.44190030280036,1568.6295369322283
969,53.10197040376675,13.663211423581812,78.38390847116233,1411.845852479589
970,41.599857749290415,19.00512385632855,74.84891067984177,1581.5305249425232
971,46.46066683716394,16.414335558242232,78.66664883958181,1551.386952956379
972,55.21755481188721,24.60719069811494,71.55706851842751,1422.1790015489078
973,41.07202013124626,18.277613251983574,88.32111272352172,1421.7453019727884
974,44.83539506994067,22.207543590027413,86.42184885453712,1417.4432257011406
975,45.240394707125695,18.719715004647068,79.80157793037753,1480.7549357520447
976,49.6355232446623,17.023784103598842,89.068156346785,1496.8567155848168
977,43.22755138646338,11.42092647094672,85.43488682807656,1472.4227437275401
978,51.647421436189504,20.26674156830485,87.39142811601664,1542.2739924561147
979,42.141037425687536,23.618669767847713,88.15681412601617,1450.2126795648803
980,52.512989459965326,18.213761189950425,71.1523673179478,1577.5142205620596
981,40.55243791219081,10.06735645338145,81.17665878752614,1407.741082715839
982,54.06302450725442,19.93021899755273,76.64091977582478,1544.3506972781342
983,53.66144605912416,21.031869809673495,78.2206954817363,1535.643308854701
984,55.6594828595667,15.190418671236387,71.3157554593863,1463.1189105592618
985,49.14409661692621,22.995848100180147,88.2988718680026,1544.9663355745643
986,55.20054605002181,16.012620051741404,76.54256873182638,1492.207221374579
987,52.16845060931087,15.120245413673658,77.08786986230027,1439.9123737369353
988,45.988998037644606,10.094894807481449,87.97183811411034,1586.957654605994
989,50.577789848846685,14.039597014187226,79.77989455083596,1444.5673196139173
990,42.1359246904306,19.443158666867998,86.9329469407564,1566.994104210656
991,46.60626288914251,17.968393795063356,79.75089660797212,1468.2119858200147
992,40.79642847637266,13.613578592506812,75.24110892961143,1526.0633769093067
993,46.0232944474251,19.84872529782612,87.06619164141709,1566.9824303050614
994,59.63498016576106,24.8579859480118,77.55987533991325,1431.119473766021
995,49.021574033452886,12.192419637686672,82.94008299483828,1583.8739215070525
996,42.71152966286725,10.835493910454453,88.13866799796128,1507.752903105402
997,42.2324609817144,14.910349813026576,84.50945382813192,1502.313614033256
998,49.98951496222175,11.882790641450296,73.75287603162731,1494.179480540846
999,41.20151275421061,12.279034687161456,86.27984463134393,1497.9759902642686
